,orientation,gender,umbrella,lower_color,face_mask,smoke,bag,upper_wear,is_human,vehicle,glasses,headwear,upper_wear_fg,upper_wear_texture,upper_cut,occlusion,lower_cut,cellphone,carrying_item,age,lower_wear,upper_color
score,0.9967617392539978,0.9905166029930115,0.9996297359466553,0.9695471525192261,0.543491542339325,0.7371881604194641,0.7367443442344666,0.7747698426246643,0.9961351156234741,0.9984080195426941,0.8621203899383545,0.9801467061042786,0.5611597895622253,0.9713243842124939,0.9991363883018494,0.9996932744979858,0.9804327487945557,0.9999989867210388,0.5636676549911499,0.8454618453979492,0.9901267290115356,0.9882522225379944
name,背面,女性,未打伞,黑,不确定,不确定,单肩包,长袖,正常人体,无交通工具,不确定,无帽,外套,图案,无上方截断,无遮挡,无下方截断,不确定,无手提物,青年,长裤,红
